"Reference","Value","Footprint","MPN","Manufacturer","QUANTITY"
"C1,C3,C13,C25,C35-C38,C44,C48,C49,C51,C54,C55,C57,C59-C61,C66-C70,C72,C73,C79-C81,C84,C86,C88,C93-C111,C113","100n 50V X7R","Capacitor_SMD:C_0603_1608Metric","C0603C104K5RACTU","KEMET","51"
"C2,C18,C20,C22,C28,C30,C63","4.7u 25V X7R","Capacitor_SMD:C_0805_2012Metric","CL21B475KAFNNNE","Samsung Electro-Mechanics","7"
"C4","3.3n 50V X7R","Capacitor_SMD:C_0603_1608Metric","CL10B332KB8NNNC","Samsung Electro-Mechanics","1"
"C6,C7,C14-C17,C19,C24,C41,C47,C56,C62,C64,C65,C78,C82,C83,C91,C92,C112","1u 25V X7R","Capacitor_SMD:C_0603_1608Metric","C0603C105K3RACTU","KEMET","20"
"C8","33n 50V X7R","Capacitor_SMD:C_0603_1608Metric","CL10B333KB8NNNC","Samsung Electro-Mechanics","1"
"C9,C10,C21","22u 10V X7R","Capacitor_SMD:C_1206_3216Metric","CL31B226KPHNNNE","Samsung Electro-Mechanics","3"
"C11","47u 16V","Capacitor_SMD:CP_Elec_6.3x5.4","865060343004","Wurth Elektronik","1"
"C12,C32-C34,C58","1n 50V C0G","Capacitor_SMD:C_0603_1608Metric","C0603C102J5GACTU","KEMET","5"
"C23,C77","220p 50V C0G","Capacitor_SMD:C_0603_1608Metric","C0603C221J5GACTU","KEMET","2"
"C26","10u 16V X7R","Capacitor_SMD:C_0805_2012Metric","CL21B106KOQNNNE","Samsung Electro-Mechanics","1"
"C27,C29,C31","10u 25V X7R","Capacitor_SMD:C_1210_3225Metric","CL32B106KAJNNNE","Samsung Electro-Mechanics","3"
"C39,C40,C46","10u 25V X5R","Capacitor_SMD:C_0805_2012Metric","CL21A106KAYNNNE","Samsung Electro-Mechanics","3"
"C42,C43,C45,C50,C53","22u 25V X5R","Capacitor_SMD:C_1206_3216Metric","CL31A226KAHNNNE","Samsung Electro-Mechanics","5"
"C52","10p 50V C0G","Capacitor_SMD:C_0603_1608Metric","C0603C100J5GACTU","KEMET","1"
"C71","100n 50V C0G","Capacitor_SMD:C_1206_3216Metric","C3216C0G1H104J160AA","TDK","1"
"C74","10n 50V C0G","Capacitor_SMD:C_0603_1608Metric","GRM1885C1H103JA01D","Murata","1"
"C75,C76","22p 50V C0G","Capacitor_SMD:C_0603_1608Metric","C0603C220J5GACTU","KEMET","2"
"C85","1.5n 50V C0G","Capacitor_SMD:C_0603_1608Metric","C0603C152J5GACTU","KEMET","1"
"C87","680p 50V C0G","Capacitor_SMD:C_0603_1608Metric","C0603C681J5GACTU","KEMET","1"
"C89","22u 6.3V X5R","Capacitor_SMD:C_0805_2012Metric","CL21A226KQQNNNE","Samsung Electro-Mechanics","1"
"C90","10n 25V C0G","Capacitor_SMD:C_0603_1608Metric","C0603C103J3GACTU","KEMET","1"
"D1,D3,D4,D11,D12","1N5819HW","Diode_SMD:D_SOD-123","1N5819HW-7-F","Diodes Incorporated","5"
"D2","SMAJ10A","Diode_SMD:D_SMA","SMAJ10A-E3/61","Vishay","1"
"D5","green 2.0V","LED_SMD:LED_0603_1608Metric","150060VS75000","Wurth Elektronik","1"
"D6-D9","B0530W 30V 0.5A","Diode_SMD:D_SOD-123","B0530W-7-F","Diodes Incorporated","4"
"D10,D13,D15-D20,D22,D23","BAV199","Package_TO_SOT_SMD:SOT-23","BAV199-7-F","Diodes Incorporated","10"
"D14","SMAJ20CA","Diode_SMD:D_SMA","SMAJ20CA-E3/61","Vishay","1"
"D21","PTVS15VS1UR","Diode_SMD:Nexperia_CFP3_SOD-123W","PTVS15VS1UR,115","Nexperia","1"
"D24","BAT54S","Package_TO_SOT_SMD:SOT-23","BAT54SLT1G","onsemi","1"
"F1","4A fast 32V","Fuse:Fuse_1206_3216Metric","0466004.NR","Littelfuse","1"
"FB1","50R 12A","Inductor_SMD:L_1206_3216Metric","BLM31SN500SN1L","Murata","1"
"J1","Debug UART","Connector_PinHeader_2.54mm:PinHeader_1x03_P2.54mm_Vertical","61300311121","Wurth Elektronik","1"
"J2","USB-C power","Connector_USB:USB_C_Receptacle_GCT_USB4125-xx-x_6P_TopMnt_Horizontal","USB4125-GF-A-0190","GCT","1"
"J3","DUT","Connector_PinHeader_2.54mm:PinHeader_1x04_P2.54mm_Vertical","61300411121","Wurth Elektronik","1"
"J4","DUT wires","PowerProfiler:TerminalBlock_WAGO_2601-1104_1x04_P3.50mm_Horizontal_Pad1.9mm","2601-1104","WAGO","1"
"J5","Logic port","Connector_PinHeader_2.54mm:PinHeader_1x10_P2.54mm_Vertical","61301011121","Wurth Elektronik","1"
"L1","10u 3A","Inductor_SMD:L_Wuerth_MAPI-4030","74438357100","Wurth Elektronik","1"
"L2","1.5u 4.6A","Inductor_SMD:L_Coilcraft_XxL4020","XFL4020-152MEC","Coilcraft","1"
"MP1,MP2","Socket 1x20 2.54 mm","","61302011821","Wurth Elektronik","2"
"MP3","BMI-S-210-C","","BMI-S-210-C","Laird","1"
"Q1-Q3","BSS138","Package_TO_SOT_SMD:SOT-23","BSS138-7-F","Diodes Incorporated","3"
"Q4,Q5,Q8,Q9,Q14-Q16","CSD17577Q3A","Package_SON:VSON-8_3.3x3.3mm_P0.65mm_NexFET","CSD17577Q3A","Texas Instruments","7"
"Q6,Q7","BC847B","Package_TO_SOT_SMD:SOT-23","BC847B-7-F","Diodes Incorporated","2"
"Q10-Q13","IRLML0030","Package_TO_SOT_SMD:SOT-23","IRLML0030TRPBF","Infineon","4"
"R1,R71","4.7k 1%","Resistor_SMD:R_0603_1608Metric","CRCW06034K70FKEA","Vishay","2"
"R2","0R","Resistor_SMD:R_0603_1608Metric","CRCW06030000Z0EA","Vishay","1"
"R3,R51","1.5k 1%","Resistor_SMD:R_0603_1608Metric","CRCW06031K50FKEA","Vishay","2"
"R4,R26,R53,R60,R62,R70,R72,R75,R88,R89,R93,R94,R96-R99,R111,R112,R118,R146","1k 1%","Resistor_SMD:R_0603_1608Metric","CRCW06031K00FKEA","Vishay","20"
"R5,R9","4.53k 1%","Resistor_SMD:R_0603_1608Metric","CRCW06034K53FKEA","Vishay","2"
"R6,R10","3.01k 1%","Resistor_SMD:R_0603_1608Metric","CRCW06033K01FKEA","Vishay","2"
"R7,R11,R91,R95","5.1k 1%","Resistor_SMD:R_0603_1608Metric","CRCW06035K10FKEA","Vishay","4"
"R8,R12","402k 1%","Resistor_SMD:R_0603_1608Metric","CRCW0603402KFKEA","Vishay","2"
"R13","1.21k 1%","Resistor_SMD:R_0603_1608Metric","CRCW06031K21FKEA","Vishay","1"
"R15","453R 1%","Resistor_SMD:R_0603_1608Metric","CRCW0603453RFKEA","Vishay","1"
"R16,R19,R23,R25,R41,R54,R113,R114,R126,R144,R145,R150,R152","10k 1%","Resistor_SMD:R_0603_1608Metric","CRCW060310K0FKEA","Vishay","13"
"R17,R24,R27,R42,R50,R78,R80,R85,R86,R90,R103,R106,R109,R115,R148,R149,R151","100k 1%","Resistor_SMD:R_0603_1608Metric","CRCW0603100KFKEA","Vishay","17"
"R18","13.7k 1%","Resistor_SMD:R_0603_1608Metric","CRCW060313K7FKEA","Vishay","1"
"R20,R59","0.33R 1%","Resistor_SMD:R_0805_2012Metric","ERJ-6RQFR33V","Panasonic","2"
"R21","86.6k 0.1%","Resistor_SMD:R_0603_1608Metric","TNPW060386K6BEEA","Vishay","1"
"R22,R57","10k 0.1% 25ppm","Resistor_SMD:R_0603_1608Metric","TNPW060310K0BEEA","Vishay","2"
"R28","150k 1%","Resistor_SMD:R_0603_1608Metric","CRCW0603150KFKEA","Vishay","1"
"R29","51k 1%","Resistor_SMD:R_0603_1608Metric","CRCW060351K0FKEA","Vishay","1"
"R30","2.2R 1% 0.25W","Resistor_SMD:R_1206_3216Metric","CRCW12062R20FKEA","Vishay","1"
"R31,R61,R108,R120,R129","10R 1%","Resistor_SMD:R_0603_1608Metric","CRCW060310R0FKEA","Vishay","5"
"R32","133k 1%","Resistor_SMD:R_0603_1608Metric","CRCW0603133KFKEA","Vishay","1"
"R33","13.3k 1%","Resistor_SMD:R_0603_1608Metric","CRCW060313K3FKEA","Vishay","1"
"R34","226k 0.1%","Resistor_SMD:R_0603_1608Metric","TNPW0603226KBEEA","Vishay","1"
"R35","1R 1%","Resistor_SMD:R_0603_1608Metric","CRCW06031R00FNEA","Vishay","1"
"R36,R67,R74","100k 0.1% 25ppm","Resistor_SMD:R_0603_1608Metric","TNPW0603100KBEEA","Vishay","3"
"R37","0.47R 1% 0.25W","Resistor_SMD:R_1206_3216Metric","ERJ-8RQFR47V","Panasonic","1"
"R38","120k 0.1%","Resistor_SMD:R_0603_1608Metric","TNPW0603120KBEEA","Vishay","1"
"R39","442k 1%","Resistor_SMD:R_0603_1608Metric","CRCW0603442KFKEA","Vishay","1"
"R40","12.4k 1%","Resistor_SMD:R_0603_1608Metric","CRCW060312K4FKEA","Vishay","1"
"R43","40.2k 1%","Resistor_SMD:R_0603_1608Metric","CRCW060340K2FKEA","Vishay","1"
"R44,R46,R47","49.9k 1%","Resistor_SMD:R_0603_1608Metric","CRCW060349K9FKEA","Vishay","3"
"R45","249k 1%","Resistor_SMD:R_0603_1608Metric","CRCW0603249KFKEA","Vishay","1"
"R48","127k 1%","Resistor_SMD:R_0603_1608Metric","CRCW0603127KFKEA","Vishay","1"
"R49","36.5k 1%","Resistor_SMD:R_0603_1608Metric","CRCW060336K5FKEA","Vishay","1"
"R52,R81,R82","6.8k 1%","Resistor_SMD:R_0603_1608Metric","CRCW06036K80FKEA","Vishay","3"
"R55,R56","2.00k 0.1% 25ppm","Resistor_SMD:R_0603_1608Metric","TNPW06032K00BEEA","Vishay","2"
"R58,R124","11k 0.1% 25ppm","Resistor_SMD:R_0603_1608Metric","TNPW060311K0BEEA","Vishay","2"
"R63","19.1k 0.1% 25ppm","Resistor_SMD:R_0603_1608Metric","TNPW060319K1BEEA","Vishay","1"
"R64","93.1k 0.1% 25ppm","Resistor_SMD:R_0603_1608Metric","TNPW060393K1BEEA","Vishay","1"
"R65","6.65k 0.1% 25ppm","Resistor_SMD:R_0603_1608Metric","TNPW06036K65BEEA","Vishay","1"
"R66","23.7k 0.1% 25ppm","Resistor_SMD:R_0603_1608Metric","TNPW060323K7BEEA","Vishay","1"
"R68","137k 0.1% 25ppm","Resistor_SMD:R_0603_1608Metric","ERA-3AEB1373V","Panasonic","1"
"R69","1.3k 1%","Resistor_SMD:R_0805_2012Metric","CRCW08051K30FKEA","Vishay","1"
"R73","115k 0.1%","Resistor_SMD:R_0603_1608Metric","TNPW0603115KBEEA","Vishay","1"
"R76","3.3M 1%","Resistor_SMD:R_0603_1608Metric","CRCW06033M30FKEA","Vishay","1"
"R77,R79,R92,R100,R130","22R 1%","Resistor_SMD:R_0603_1608Metric","CRCW060322R0FKEA","Vishay","5"
"R83,R84,R117","2.2M 1%","Resistor_SMD:R_0603_1608Metric","CRCW06032M20FKEA","Vishay","3"
"R87","0.47R 1% 0.5W","Resistor_SMD:R_1206_3216Metric","RCWE1206R470FKEA","Vishay","1"
"R101","1k 0.1% 25ppm","Resistor_SMD:R_0805_2012Metric","TNPW08051K00BEEA","Vishay","1"
"R102,R105,R119","47R 1%","Resistor_SMD:R_0603_1608Metric","CRCW060347R0FKEA","Vishay","3"
"R104","33R 0.1% 25ppm","Resistor_SMD:R_0805_2012Metric","CPF0805B33RE1","TE Connectivity","1"
"R107","1R 0.5% 25ppm","Resistor_SMD:R_Shunt_Ohmite_LVK12","TNPW12061R00DEEA","Vishay","1"
"R110","0.1R 0.25% 50ppm","Resistor_SMD:R_Shunt_Ohmite_LVK12","LVK12R100CER","Ohmite","1"
"R116","220R 1%","Resistor_SMD:R_0603_1608Metric","CRCW0603220RFKEA","Vishay","1"
"R121","49.9k 0.1% 25ppm","Resistor_SMD:R_0603_1608Metric","TNPW060349K9BEEA","Vishay","1"
"R122","1.02k 0.1% 25ppm","Resistor_SMD:R_0603_1608Metric","TNPW06031K02BEEA","Vishay","1"
"R123","523R 0.1% 25ppm","Resistor_SMD:R_0603_1608Metric","RT0603BRD07523RL","Yageo","1"
"R125,R128","3.9k 1%","Resistor_SMD:R_0603_1608Metric","CRCW06033K90FKEA","Vishay","2"
"R127,R137","1k 0.1% 25ppm","Resistor_SMD:R_0603_1608Metric","TNPW06031K00BEEA","Vishay","2"
"R131","0.22R 1%","Resistor_SMD:R_0603_1608Metric","ERJ-3RQFR22V","Panasonic","1"
"R132","34.8k 0.1% 25ppm","Resistor_SMD:R_0603_1608Metric","TNPW060334K8BEEA","Vishay","1"
"R133","3.6k 0.1% 25ppm","Resistor_SMD:R_0603_1608Metric","TNPW06033K60BEEA","Vishay","1"
"R134","2.4k 0.1% 25ppm","Resistor_SMD:R_0603_1608Metric","TNPW06032K40BEEA","Vishay","1"
"R135","9.31k 0.1% 25ppm","Resistor_SMD:R_0603_1608Metric","TNPW06039K31BEEA","Vishay","1"
"R136","3.01k 0.1% 25ppm","Resistor_SMD:R_0603_1608Metric","ERA-3AEB3011V","Panasonic","1"
"R138","33R 1%","Resistor_SMD:R_0603_1608Metric","CRCW060333R0FKEA","Vishay","1"
"R139","100R 1%","Resistor_SMD:R_0603_1608Metric","CRCW0603100RFKEA","Vishay","1"
"R140,R142","120k 1%","Resistor_SMD:R_0603_1608Metric","CRCW0603120KFKEA","Vishay","2"
"R141","430k 1%","Resistor_SMD:R_0603_1608Metric","CRCW0603430KFKEA","Vishay","1"
"R143","68.1k 1%","Resistor_SMD:R_0603_1608Metric","CRCW060368K1FKEA","Vishay","1"
"R147","47k 1%","Resistor_SMD:R_0603_1608Metric","CRCW060347K0FKEA","Vishay","1"
"R153","200k 1%","Resistor_SMD:R_0603_1608Metric","CRCW0603200KFKEA","Vishay","1"
"RN1","2.2k","Resistor_SMD:R_Array_Convex_4x0603","CAY16-222J4LF","Bourns","1"
"RN2,RN3","4.7k","Resistor_SMD:R_Array_Convex_4x0603","CAY16-472J4LF","Bourns","2"
"RN4","47R","Resistor_SMD:R_Array_Convex_4x0603","CAY16-470J4LF","Bourns","1"
"RN5","220R 5%","Resistor_SMD:R_Array_Convex_4x0603","CAY16-221J4LF","Bourns","1"
"RN6,RN7","100k","Resistor_SMD:R_Array_Convex_4x0603","CAY16-104J4LF","Bourns","2"
"RN8,RN9","330R","Resistor_SMD:R_Array_Convex_4x0603","CAY16-331J4LF","Bourns","2"
"RN10,RN11","470k","Resistor_SMD:R_Array_Convex_4x0603","CAY16-474J4LF","Bourns","2"
"SH1","BMI-S-210-F","RF_Shielding:Laird_Technologies_BMI-S-210-F_44.00x30.50mm","BMI-S-210-F","Laird","1"
"SW1","RESET","Button_Switch_THT:SW_PUSH_6mm","B3F-1000","Omron","1"
"U1","Raspberry Pi Pico 2","PowerProfiler:RaspberryPi_Pico_Common_THT_NoKeepout","SC1632","Raspberry Pi","1"
"U2,U35-U37","TPD4E1U06DBVR","Package_TO_SOT_SMD:SOT-23-6","TPD4E1U06DBVR","Texas Instruments","4"
"U3,U4","TPS259621DDAR","Package_SO:TI_SO-PowerPAD-8_ThermalVias","TPS259621DDAR","Texas Instruments","2"
"U5","TPS2116DRLR","Package_TO_SOT_SMD:SOT-583-8","TPS2116DRLR","Texas Instruments","1"
"U6","TPS3808G01DBVR","Package_TO_SOT_SMD:SOT-23-6","TPS3808G01DBVR","Texas Instruments","1"
"U7,U8","LP5907MFX-3.3","Package_TO_SOT_SMD:SOT-23-5","LP5907MFX-3.3/NOPB","Texas Instruments","2"
"U10","LMR62014XMF","Package_TO_SOT_SMD:SOT-23-5","LMR62014XMF/NOPB","Texas Instruments","1"
"U11","LM27761DSG","Package_SON:WSON-8-1EP_2x2mm_P0.5mm_EP0.9x1.6mm","LM27761DSGT","Texas Instruments","1"
"U12","REF5025AID","Package_SO:SOIC-8_3.9x4.9mm_P1.27mm","REF5025AID","Texas Instruments","1"
"U13","LT3042EMSE","Package_SO:MSOP-10-1EP_3x3mm_P0.5mm_EP1.68x1.88mm","LT3042EMSE#PBF","Analog Devices","1"
"U14","MCP6569-E/SL","Package_SO:SOIC-14_3.9x8.7mm_P1.27mm","MCP6569-E/SL","Microchip","1"
"U15","MCP4921-E/SN","Package_SO:SOIC-8_3.9x4.9mm_P1.27mm","MCP4921-E/SN","Microchip","1"
"U16","TPS63020DSJ","Package_DFN_QFN:DFN-14-1EP_3x4mm_P0.5mm_EP1.7x3.3mm","TPS63020DSJR","Texas Instruments","1"
"U17,U25,U26","OPA197IDBV","Package_TO_SOT_SMD:SOT-23-5","OPA197IDBVR","Texas Instruments","3"
"U18","LT3080EDD","Package_DFN_QFN:DFN-8-1EP_3x3mm_P0.5mm_EP1.66x2.38mm","LT3080EDD#PBF","Analog Devices","1"
"U19,U28,U29","OPA365AIDBV","Package_TO_SOT_SMD:SOT-23-5","OPA365AIDBVR","Texas Instruments","3"
"U20,U22,U23","TC4427EOA","Package_SO:SOIC-8_3.9x4.9mm_P1.27mm","TC4427EOA713","Microchip","3"
"U21,U32","MCP6561T-E/OT","Package_TO_SOT_SMD:SOT-23-5","MCP6561T-E/OT","Microchip","2"
"U24","MUX509IPWR","Package_SO:TSSOP-16_4.4x5mm_P0.65mm","MUX509IPWR","Texas Instruments","1"
"U27","AD8421ARZ","Package_SO:SOIC-8_3.9x4.9mm_P1.27mm","AD8421ARZ","Analog Devices","1"
"U30","ADS8860IDGS","Package_SO:MSOP-10_3x3mm_P0.5mm","ADS8860IDGS","Texas Instruments","1"
"U31","MCP6562-E/SN","Package_SO:SOIC-8_3.9x4.9mm_P1.27mm","MCP6562-E/SN","Microchip","1"
"U33,U34","SN74LV165ADR","Package_SO:SOIC-16_3.9x9.9mm_P1.27mm","SN74LV165ADR","Texas Instruments","2"
"U38","SN74LVC8T245PW","Package_SO:TSSOP-24_4.4x7.8mm_P0.65mm","SN74LVC8T245PWR","Texas Instruments","1"
"U39","MCP9700AT-E/TT","Package_TO_SOT_SMD:SOT-23","MCP9700AT-E/TT","Microchip","1"
"U40","MCP3208-BI/SL","Package_SO:SOIC-16_3.9x9.9mm_P1.27mm","MCP3208T-BI/SL","Microchip","1"
